DC2022BCA0004,DC2022BCA0004,2024-05-26 19:14:43.860858
DC2022BCA0004,DC2022BCA0004,2024-05-26 19:15:07.008551
DC2022BCA0013,DC2022BCA0013,2024-05-26 19:18:26.505217
DC2022BCA0004,DC2022BCA0004,2024-05-26 19:19:01.707010
DC2022BCA0004,DC2022BCA0004,2024-05-26 19:20:14.526063
DC2022BCA0013,DC2022BCA0013,2024-05-26 19:21:55.255027
DC2022BCA0024,DC2022BCA0024,2024-05-26 19:22:26.484454
DC2022BCA0004,DC2022BCA0004,2024-05-26 19:23:04.158274
DC2022BCA0004,DC2022BCA0004,2024-05-26 19:23:18.501779
DC2022BCA0004,DC2022BCA0004,2024-05-26 19:26:02.217017
DC2022BCA0004,DC2022BCA0004,2024-05-26 19:26:13.158300
DC2022BCA0013,DC2022BCA0013,2024-05-29 21:20:03.001875
DC2022BCA0004,DC2022BCA0004,2024-05-29 21:20:03.159116
